{"cameraMode":{"drawMode":0,"name":"Shaded","section":"Shading Mode"},"sceneLighting":true,"audioPlay":false,"sceneViewState":{"showFog":false,"showMaterialUpdate":false,"showSkybox":true,"showFlares":false,"showImageEffects":false,"showParticleSystems":false},"in2DMode":false,"pivot":{"x":-4.089662551879883,"y":-18.365341186523439,"z":-3.427845001220703},"rotation":{"x":-0.39561352133750918,"y":0.01707841455936432,"z":-0.007358094211667776,"w":-0.9182301759719849},"size":37.490928649902347,"orthographic":false}