{"cameraMode":{"drawMode":0,"name":"Shaded","section":"Shading Mode"},"sceneLighting":false,"audioPlay":false,"sceneViewState":{"showFog":false,"showMaterialUpdate":false,"showSkybox":false,"showFlares":false,"showImageEffects":false,"showParticleSystems":false},"in2DMode":false,"pivot":{"x":-22.843828201293947,"y":23.447208404541017,"z":-51.91039276123047},"rotation":{"x":0.12725256383419038,"y":0.001487807254306972,"z":-0.0001908477715915069,"w":0.9918704628944397},"size":10.0,"orthographic":false}