{"cameraMode":{"drawMode":0,"name":"Shaded","section":"Shading Mode"},"sceneLighting":false,"audioPlay":false,"sceneViewState":{"showFog":false,"showMaterialUpdate":false,"showSkybox":false,"showFlares":false,"showImageEffects":false,"showParticleSystems":false},"in2DMode":false,"pivot":{"x":15.635488510131836,"y":1.2568676471710206,"z":10.524523735046387},"rotation":{"x":0.22284099459648133,"y":-0.12390439957380295,"z":0.028567245230078698,"w":0.9665279984474182},"size":3.0486457347869875,"orthographic":false}