{"cameraMode":{"drawMode":0,"name":"Shaded","section":"Shading Mode"},"sceneLighting":true,"audioPlay":false,"sceneViewState":{"showFog":false,"showMaterialUpdate":false,"showSkybox":true,"showFlares":false,"showImageEffects":false,"showParticleSystems":false},"in2DMode":false,"pivot":{"x":15.94118881225586,"y":2.1948654651641847,"z":27.74656105041504},"rotation":{"x":0.20267117023468018,"y":-0.011750869452953339,"z":0.002431802684441209,"w":0.9791785478591919},"size":4.487009525299072,"orthographic":false}