{"cameraMode":{"drawMode":0,"name":"Shaded","section":"Shading Mode"},"sceneLighting":true,"audioPlay":false,"sceneViewState":{"showFog":false,"showMaterialUpdate":false,"showSkybox":true,"showFlares":false,"showImageEffects":false,"showParticleSystems":false},"in2DMode":false,"pivot":{"x":-21.658172607421876,"y":-19.829652786254884,"z":12.810457229614258},"rotation":{"x":0.19771966338157655,"y":-0.07344262301921845,"z":0.014856455847620964,"w":0.9773960113525391},"size":44.47474670410156,"orthographic":false}