{"cameraMode":{"drawMode":0,"name":"Shaded","section":"Shading Mode"},"sceneLighting":true,"audioPlay":false,"sceneViewState":{"showFog":false,"showMaterialUpdate":false,"showSkybox":true,"showFlares":false,"showImageEffects":false,"showParticleSystems":false},"in2DMode":false,"pivot":{"x":-10.521167755126954,"y":-33.0480842590332,"z":12.22982406616211},"rotation":{"x":0.3155754804611206,"y":-0.014233073219656945,"z":0.004733679350465536,"w":0.9487873315811157},"size":46.97736740112305,"orthographic":false}